,jday,1973,1974,1975,1976,1977,1978,1979,1980,1981,1982,1983,1984,1985,1986,1987,1988,1989,1990,1991,1992,1993,1994,1995,1996,1997,1998,1999,2000,2001,2002,2003,2004,2005,2006,2007,2008,2009,2010,2011,2012,2013,2014,2015,2016,2017,2018,2019,Average,jday,Dates
14-Nov,318,0,0,0,0,0,0,0,0,0,0,0,0,0,0,0,0,0,0,0,0,0,0,0,0,0,0,0,0,0,0,0,0,0,0,0,0,0,0,0,0,0,0,0,0,0,0,0,0.00,318,14-Nov
15-Nov,319,0,0,0,0,0,0,0,0,0,0,0,0,0,0,0,0,0,0,0,0,0,0,0,0,0,0,0,0,0,0,0,0,0,0,0,0,0,0,0,0,0,0,0.3,0,0,0,0.06,0.01,319,15-Nov
16-Nov,320,0,0,0,0,0,0,0,0,0,0,0,0,0,0,0,0,0,0,0,0,0,0,0,0,0,0,0,0,0,0,0,0,0,0,0,0,0,0,0,0,0,0,0.2,0,0,0,0.09,0.01,320,16-Nov
17-Nov,321,0,0,0,0,0,0,0,0,0,0,0,0,0,0,0,0,0,0,0,0,0,0,0,0,0,0,0,0,0,0,0,0,0,0,0,0,0,0,0,0,0,0,0.2,0,0,0,0.24,0.01,321,17-Nov
18-Nov,322,0,0,0,0,0,0,0,0,0,0,0,0,0,0,0,0,0,0,0,0,0,0,0,0,0,0,0,0,0,0,0,0,0,0,0,0,0,0,0,0,0,0,0.5,0,0,0,0.44,0.02,322,18-Nov
19-Nov,323,0,0,0,0,0,0,0,0,0,0,0,0,0,0,0,0,0,0,0,0,0,0,0,0,0,0,0,0,0,0,0,0,0,0,0,0,0,0,0,0,0,0,0.5,0,0,0,0.43,0.02,323,19-Nov
20-Nov,324,0,0,0,0,0,0,0,0,0,0,0,0,0,0,0,0,0,0,0,0,0,0,0,0,0,0,0,0,0,0,0,0,0,0,0,0,0,0,0,0,0,0,0.5,0,0,0,0.49,0.02,324,20-Nov
21-Nov,325,0,0,0,0,0,0,0,0,0,0,0,0,0,0,0,0,0,0,0,0,0,0,0,0,0,0,0,0,0,0,0,0,0,0,0,0,0,0,0,0,0,0,0.7,0,0,0,0.76,0.03,325,21-Nov
22-Nov,326,0,0,0,0,0,0,0,0,0,0,0,0,0,0,0,0,0,0,0,0,0,0,0,0,0,0,0,0,0,0,0,0,0,0,0,0,0,0,0,0,0,0,0.5,0,0,0,0.96,0.03,326,22-Nov
23-Nov,327,0,0,0,0,0,0,0,0,0,0,0,0,0,0,0,0,0,0,0,0,0,0,0,0,0,0,0,0,0,0,0,0,0,0,0,0,0,0,0,0,0,0,0.5,0,0,0,0.83,0.03,327,23-Nov
24-Nov,328,0,0,0,0,0,0,0,0,0,0,0,0,0,0,0,0,0,0,0,0,0,0,0,0,0,0,0,0,0,0,0,0,0,0,0,0,0,0,0,0,0,0.53,0.3,0,0,0,0.78,0.03,328,24-Nov
25-Nov,329,0,0,0,0,0,0,0,0,0,0,0,0,0,0,0,0,0,0,0,0,0,0,0,0,0,0,0,0,0,0,0,0,0,0,0,0,0,0,0,0,0,0.1,0.4,0,0,0,0.69,0.03,329,25-Nov
26-Nov,330,0,0,0,0,0,0,0,0,0,0,0,0,0,0,0,0,0,0,0,0,0,0,0,0,0,0,0,0,0,0,0,0,0,0,0,0,0,0,0,0,0,0.36,0.5,0,0,0,0.58,0.03,330,26-Nov
27-Nov,331,0,0,0,0,0,0,0,0,0,0,0,0,0,0,0,0,0,0,0,0,0,0,0,0,0,0,0,0,0,0,0,0,0,0,0,0,0,0,0,0,0,0.39,0.9,0.04,0,0,0.56,0.04,331,27-Nov
28-Nov,332,0,0,0,0,0,0,0,0,0,0,0,0,0,0,0,0,0,0,0,0,0,0,0,0,0,0,0,0,0,0,0,0,0,0,0,0,0,0,0,0,0,0.51,1,0.02,0,0,0.68,0.05,332,28-Nov
29-Nov,333,0,0,0,0,0,0,0,0,0,0,0,0,0,0,0,0,0,0,0,0,0,0,0,0,0,0,0,0,0,0,0,0,0,0,0,0,0,0,0,1.02,1.02,1.37,1.2,0.06,0,0.4,0.75,0.12,333,29-Nov
30-Nov,334,0,0,0,0,0,0,0,0,0,0,0,0,0,0,0,0,0,0,0,0,0,0,0,0,0,0,0,0,0,0,0,0,0,0,0,0,0,0,0,0.54,0.9,1.49,1.1,0.36,0,0.4,0.76,0.12,334,30-Nov
1-Dec,335,0,0,0,0,0,0,0,0,0,0,0,0,0,0,0,0,0,0,0,0,0,0,0,0,0.9,0,0,0,0.4,0,0,0.4,0,0.53,0,0,0,0,0,0.07,0.79,1.51,1.2,0.09,0,0.52,0.82,0.15,335,1-Dec
2-Dec,336,0,0,0,0,0,0,0,0,0,0,0,0,0,0,0,0,0,0,0,0,0,0,0,0,1.3,0,0,0,0.4,0,1.1,0.6,0.3,0.54,0,0,0,0,0.22,0.15,0.68,0.85,1.6,0.07,0,0.68,0.79,0.20,336,2-Dec
3-Dec,337,0,0,0,0,0,0,0,0,0,0,0,0,0,0,0,0,0,0,0,0,0,0.8,0,0,1.7,0,0,0,0.4,0,1.2,0.9,0.4,0.53,0,1.05,0,0,0.3,0.12,0.5,0.83,1.3,0.04,0,0.57,0.85,0.24,337,3-Dec
4-Dec,338,0,0,0,0,0,0,0,0,0,0,0,0,0,0,0,0,0,0,0,0,0,0.6,0,1,2,0,0,0,0.4,0,1.3,0.8,0.4,0.53,0.6,1.31,0,0,0.37,0.12,0.46,0.77,1.5,0.03,0,0.33,0.97,0.29,338,4-Dec
5-Dec,339,0,0,0,0,0,0,0,0,0,0,0,0,0,0,0,0,0,0,0,0,0,0.6,0.1,1,1.8,0,0,0,0.3,0,1.4,0.8,0.4,0.51,0.74,1.6,0,0,0.44,0.37,0.41,1.65,1.6,0,0,0.33,1.04,0.32,339,5-Dec
6-Dec,340,0,0,0,0,0,0,0,0,0,0,0,0,0,0,0,0,0,0,0,4.1,0,0.4,0.1,1.1,1.6,0,0,0,0.5,0,1.4,0.7,0.4,0.75,0.89,1.87,0,0,0.51,0.73,0.51,0.96,1.7,0,0,0.33,1.18,0.42,340,6-Dec
7-Dec,341,0,0,0,0,0,0,0,0,0,0,0,0,0,0,0,0,0,0,0,4,0,0.6,0.1,1.1,1.4,0,0,0,0.8,0,1.4,0.7,0.5,0.95,1.03,1.71,0,0.11,0.58,0.63,0.54,1.07,1.7,0,0,0.49,1.85,0.45,341,7-Dec
8-Dec,342,0,0,0,0,0,0,0,0,0,0,0,0,0,0,0,0,0,0,0,6.9,0,0.8,0.2,1.2,1.2,0,0,0,0.9,0,1.3,0.7,0.5,1.15,1.02,1.56,1.17,0.13,0.81,0.53,0.48,1.19,1.5,0,0,0.59,1.56,0.54,342,8-Dec
9-Dec,343,0,0,0,0,0,0,0,0,0,0,0,0,0,0,0,0,0,0,0,7.1,0,0.8,0.5,1.5,1.2,0.4,0,0,1.1,0.1,1.4,0.8,0.5,1.13,1.03,1.36,1.2,0.26,1.02,0.48,1.07,2.11,1.3,0,0,0.81,1.43,0.61,343,9-Dec
10-Dec,344,0,0,0,0,0,0,0,0,0,0,0,0,0,0,0,0,0,0,0,7,0,0.8,0.6,1.8,1.1,0.4,0,0.1,1.3,0.1,1.3,0.9,0.6,1.1,1.03,1.13,1.2,0.41,1.04,0.5,1.08,2.8,1.7,0.01,0,0.92,1.49,0.65,344,10-Dec
11-Dec,345,0,0,0,0,0,0,0,0,0,0,0,0,0,0,0,0,0,0,0,6.9,0,0.8,0.6,2.1,1.1,0.5,0,0.1,1.5,0.2,1.3,1,0.6,1.07,1.02,1.48,1.2,0.63,1.05,0.5,0.62,3.78,1.6,0,0.34,1.04,1.69,0.70,345,11-Dec
12-Dec,346,0,0,0,0,0,0,0,0,0,0,0,0,0,0,0,0,0,0,0,6.6,0,0.9,0.8,2.4,1,0.5,0,0.2,1.7,0.4,1.3,1,0.6,1.04,0.96,1.75,1.49,0.84,1.07,0.7,0.83,4.01,1.6,0,0.53,1.11,1.34,0.74,346,12-Dec
13-Dec,347,0,0,0,0,0,0,0,0,0,0,0,0,0,0,0,0,0,1.5,0,6.3,0,0.9,0.8,2.6,1,0.5,0,0.2,1.9,0.5,1.3,1.1,0.6,1.15,0.91,2,1.71,1.05,1.08,0.69,0.87,5.2,1.2,0,0.6,1.32,1.27,0.81,347,13-Dec
14-Dec,348,0,0,0,0,0,0,0,0,0,0,0,0,0,3.8,0,0,0.9,2,0,6.8,0.4,0.8,0.8,2.9,1,0.4,0,0.3,2,0.4,1.4,1.1,0.8,1.25,0.83,1.99,1.91,1.26,1.08,0.72,0.84,5.21,1.2,0,0.68,1.73,1,0.97,348,14-Dec
15-Dec,349,0,0,0,0,0,0,0,0,0,0,0,0,0,4.2,0,0,1,2.4,0,7.2,0.4,0.8,0.8,3.1,1,0.4,0.2,0.6,2,0.4,1.5,1.1,1,1.35,0.83,1.99,2.11,1.45,1.99,0.75,1.32,5.81,1.1,0,0.85,1.92,0.94,1.07,349,15-Dec
16-Dec,350,0,0,0,0,14.4,0,0,0,0,0,0,0,0,4.5,0,0,1.1,2.5,0,7.5,0.5,0.8,0.9,3.4,1,0.4,0.2,0.9,2,0.4,1.5,1.3,1.1,1.34,0.83,1.95,2.62,1.59,2.75,0.78,1.49,5.96,1.1,0.01,1.18,2.07,1.04,1.47,350,16-Dec
17-Dec,351,0,0,0,0,14.9,0,0,0,0,0,0,0,0,4.8,0,0,1.3,9,0,7.9,0.5,0.8,0.8,3.6,1.1,0.5,0.2,1.2,2,0.3,1.5,1.4,1.2,1.33,0.82,1.86,3,1.72,2.19,1.13,1.26,7.2,1.1,0.08,1.18,2.21,1.18,1.69,351,17-Dec
18-Dec,352,0,0,0,0,15.2,0,2,0,0,0,0,0,0,5.1,0,0,1.4,11.1,0,8.4,0.6,0.6,0.8,3.9,1.2,0.5,0.2,1.1,2,0.5,1.5,1.5,1.2,1.31,0.8,2.15,3.38,1.67,2.66,1.07,0.71,4.09,1.5,0.11,1.35,1.69,1.2,1.76,352,18-Dec
19-Dec,353,0,0,0,0,15.5,0,2,0,0,0,0,0,0,5.3,0,0,1.5,12.6,0,8.6,0.5,0.5,0.8,3.7,1.1,0.6,0.4,1.1,2,0.7,1.5,1.4,1.3,1.28,0.83,2.3,3.53,1.65,2.64,0.83,0.87,4.91,2.6,0.11,2.09,1.49,1.18,1.86,353,19-Dec
20-Dec,354,12.4,0,0,0,15.8,0,2.1,0,0,0,0,10.3,0,5.6,0,0,1.5,14.3,0,8.7,1,0.3,0.9,3.5,1,0.7,0.5,1,2,0.8,1.4,1.4,1.3,1.33,0.86,2.43,3.65,1.59,3.85,0.79,1.01,6.69,2.4,0.46,2.32,1.64,1.23,2.48,354,20-Dec
21-Dec,355,15.3,0,0,0,16.2,2,2.1,0,0,1.6,1.7,11,0,5.8,0,0,1.4,16,0,8.5,1.3,0.5,0.9,3.3,0.9,0.9,0.7,0.9,2,0.7,1.4,1.3,1.5,1.47,0.88,2.17,3.74,1.53,3.14,0.8,1.04,6.74,2.6,0.46,2.42,2.44,1.96,2.75,355,21-Dec
22-Dec,356,14.9,0,0,0,16.4,3.2,2.2,0,0,1.7,1.8,11.3,1.8,7.2,0,0,1.5,17.9,0,8.4,1.6,0.6,0.9,3.1,0.8,1,0.8,1.2,2.7,0.7,1.4,1.3,1.6,1.64,0.9,1.93,3.75,1.52,3.22,0.72,0.94,7.04,2.4,0.49,1.61,2.52,1.14,2.89,356,22-Dec
23-Dec,357,13.7,0,0,5.1,16.5,3.9,2.2,0,0,1.7,1.9,11.7,5,8,0,0,1.5,19.6,0,8.3,2,0.9,1,3.1,1,1.1,1,1.4,3.4,0.6,1.3,1.8,1.8,1.61,0.91,1.62,4.6,1.5,1.67,0.72,0.96,7.19,1.5,0.42,1.23,2.19,1.43,3.13,357,23-Dec
24-Dec,358,13.3,0,0,5.7,18.5,4.8,2.2,0,4.8,1.7,2,12.1,7.5,8.8,0,0,2,21.3,0,8.9,2.2,1.1,1,3.1,1.1,1.5,1.1,1.6,4.1,0.4,1.4,2.3,2.2,1.59,0.9,1.2,5.29,1.45,2.01,0.75,0.91,5.65,1.4,0.7,1.23,2.12,1.65,3.48,358,24-Dec
25-Dec,359,12.1,0,0,5.4,19.7,5.5,2.2,0,8.8,1.7,2.1,12.4,9.9,9.6,0,0,2.5,21.5,0,8.5,2.4,1.4,1,3.1,1.2,1.9,1.3,1.6,4.8,0.7,1.4,2.8,2.5,1.52,0.91,1.54,5.96,1.4,2.03,0.77,1.11,7.66,1.4,0.6,1.24,2.18,1.58,3.79,359,25-Dec
26-Dec,360,10.9,0,0,6,20.9,6.3,3.4,0,11.1,1.7,2.1,12.8,12.4,10.5,0,0,4.4,24.5,0,8.3,3.3,1.6,1.1,3.3,1.7,2.3,1.5,1.6,4.7,0.9,1.5,2.4,2.8,1.48,0.99,1.78,5.23,1.38,1.71,0.76,1.55,6.17,1.5,0.49,1.19,4.37,1.56,4.13,360,26-Dec
27-Dec,361,10.5,0,0,6.6,22.1,7.1,4,0,13.2,1.7,2.2,12.9,14.8,11.3,2.1,0,5,27.2,0,7.9,4.3,4.1,1.1,3.5,2.1,2,1.6,1.6,4.6,1.1,1.5,2.1,3.1,1.51,1.04,2,4.48,1.29,1.68,0.84,1.82,5.15,1.3,0.7,1.41,5.35,1.92,4.51,361,27-Dec
28-Dec,362,9.3,0,0,7.1,23.2,7.9,4.6,0,15.6,1.7,3.4,14.4,17.3,12,2.1,0,5.3,28,0.9,7.3,5.1,5.3,1.1,3.3,2.5,1.8,1.8,1.7,4.5,1.2,1.5,1.8,3,1.52,1.08,2.23,3.7,1.25,2.44,1.18,1.99,4.8,1.4,0.94,1.41,7.09,2.09,4.85,362,28-Dec
29-Dec,363,10,0,0,6.8,24.4,8.2,5.1,0,17.7,1.6,4.1,15.3,17.6,12.2,2,0,6.2,28.7,1.1,6.6,5.1,6.5,1.4,3.1,3,1.5,2,1.9,5.3,1.3,1.5,1.3,2.8,1.52,1.15,2.42,2.77,1.38,2.54,1.27,2.18,4.51,2.3,0.96,1.28,11.09,2.58,5.15,363,29-Dec
30-Dec,364,10.7,0,0,3,25.5,8.4,5.8,0,20,2.6,4.8,16.2,17.7,12.1,2,0,6.9,28.3,1.4,5.9,5.1,7.6,1.6,3.5,4.1,1.2,2.4,2.1,6.1,1.4,1.5,1.6,2.6,1.45,1.2,2.57,3.33,1.48,1.94,1.31,2.41,11.9,2.9,1.17,1.08,5.29,2.65,5.38,364,30-Dec
31-Dec,365,11.5,8.4,0,3.6,27,8.5,6.4,0,22.3,3.3,5.5,17.2,17.8,12.1,2,0,7.4,27.5,1.6,6.2,5.1,8.7,1.7,4,5.1,1.5,2.7,2.4,6.9,1.4,1.9,1.8,2.6,1.39,1.24,2.7,3.84,1.56,1.95,1.51,1.78,13.95,4.6,1.35,1.09,6.46,3.08,5.97,365,31-Dec
1-Jan,1,12.2,12.4,0,4,28,8.7,7,0,24.3,4.1,6.2,18.1,18,12,1.9,0,7.9,28.6,1.9,6.1,4.9,9.8,1.6,4.4,6.2,1.8,3.1,2.3,7.6,1.7,2.2,2,2.5,1.31,1.27,3.68,4.34,1.91,1.94,1.4,1.64,22.14,4.8,1.02,1.2,7.62,2.9,6.57,1,1-Jan
2-Jan,2,12.9,14.7,1.7,4.5,29,8.9,9.4,5.5,26.6,4.8,6.9,19.1,18,11.9,1.9,0,10.1,29.2,2.1,6.2,4.7,10.9,1.7,4.5,6.1,2,3,2.1,7.2,1.8,2.5,2,2.4,1.22,1.22,4.46,4.75,2.16,1.78,1.42,2.23,30.25,3.9,1.12,1.1,9.85,4.31,7.32,2,2-Jan
3-Jan,3,15.5,17.3,2.3,4.9,29.9,9.1,10.7,5.5,28.8,5.6,7.6,19.9,18.1,11.9,1.8,1.7,12.2,29.8,2.2,6.1,4.4,12,2.2,4.6,6.1,2,2.9,1.9,6.6,2,2.5,2,2.2,1.33,1.15,5.2,5.09,2.41,3.02,2.47,2.79,16.5,7.4,1.17,1.1,9.11,4.47,7.56,3,3-Jan
4-Jan,4,17.4,19.7,2.5,5.4,30.9,9.1,12.1,5.3,31.1,6.3,7.2,18.3,18.2,11.6,5.4,5.3,14.2,30.7,2.2,5.8,4.9,13,2.5,5.6,6,2.1,2.8,1.8,6.1,2,2.5,2,3.1,1.42,1.07,4.33,5.39,2.66,2.84,1.54,1.8,18,6.6,1.21,1.1,8.59,2.81,7.92,4,4-Jan
5-Jan,5,20,22.3,2.9,5.8,31.9,10.1,13.5,5.2,33.2,9.1,6.7,16.5,18.2,12.4,5.4,7.9,16.4,31.5,2.7,5.4,5.9,13.7,2.8,6.5,5.9,2,2.7,2.3,6.3,2.1,2.5,1.9,3.8,1.51,1,1.2,5.69,2.9,2.76,1.71,1.8,18.39,7.9,1.24,2.73,12.3,2.17,8.49,5,5-Jan
6-Jan,6,22.6,24.6,3.3,6.2,32.7,10.7,14.9,5,35.5,11,6.2,14.9,19.1,12.7,4.4,10.5,18.5,33.5,9.1,5.7,6.9,15,3.2,7.7,5.7,2.1,4.2,2.7,6.6,2.1,2.4,3.5,4.5,1.78,0.93,1.3,6.1,2.73,3.5,1.67,2.21,23.63,8,1.33,3.91,12.83,1.87,9.35,6,6-Jan
7-Jan,7,25.2,27.2,3.7,11.7,38.1,11.4,16.3,4.9,37.7,13,5.8,13.2,19.7,13,3.4,13,20,35.4,10.9,5.9,6.8,16.3,3.5,9.4,5.5,2.3,5.6,3.2,6.8,2,2.6,4.8,4.7,2.02,0.85,1.4,6.42,3.13,2.61,1.66,2.13,30.06,9.2,1.29,4.98,16.37,1.86,10.36,7,7-Jan
8-Jan,8,27.1,29.6,3.9,13.4,42.2,12,17.7,4.8,36.6,14.9,5.3,11.6,20.2,13.3,2.5,15.6,21.6,34.5,13.3,6.3,6.6,16.8,3.8,10.9,5.3,2.4,7,3,6.9,2.9,2.7,6.1,4.7,2.24,0.8,1.2,6.7,3.37,3.17,1.37,1.3,33.65,12.9,1,4.91,15.16,2.11,10.97,8,8-Jan
9-Jan,9,26.4,32.2,3.4,14.3,46.3,12.7,23.7,4.5,35.2,16.9,4.8,9.8,20.8,13.6,2.4,18.2,20,32.5,15.6,6.8,8.4,17.2,4.1,12.3,5,2.6,7.3,2.8,6.9,3.8,2.9,6.2,4.8,2.46,0.92,1.3,7.8,3.54,4.47,1.52,1.34,37.15,6.5,1.19,6.45,8.57,2.92,11.29,9,9-Jan
10-Jan,10,26.9,34.5,5.1,15.1,50.1,13.3,28.2,4.5,33.8,18.9,4.3,7.3,21.3,13.8,1.4,20.8,21.8,30.5,16.6,7.3,10,17.7,4.4,13.8,4.8,3.1,7.6,2.6,6.6,4.6,3.5,6.3,4.7,2.28,1.04,1.4,8.83,2.46,6.36,1.19,1.54,29.31,11.2,1.41,6.49,7.79,2.58,11.68,10,10-Jan
11-Jan,11,25.3,34.1,6.1,16,54.2,13.9,32.7,4.4,32.4,20.8,3.3,13.1,21.9,13.9,2.2,20.5,23.7,28.5,17.6,7.8,11.2,19.4,4.8,15.2,4.6,3.5,7.9,2.4,6.4,3.9,4.2,6.3,6.2,2.1,1.15,1.1,9.74,3.41,7.28,1.21,1.12,25.8,13.6,3.05,8.33,7.75,4.32,12.31,11,11-Jan
12-Jan,12,23.1,33.5,6.9,17.7,58,16,37.2,4.4,31,24,4.5,17.2,22.2,15.8,2.8,20.1,22,26.4,19.9,8.4,12.4,20.7,4.8,16.7,4.4,3.8,8.2,3.8,7,3.2,4.9,6.2,7.4,1.88,1.4,1.2,10.62,4.31,7.49,1.31,1.11,14.55,15,2.86,6.82,7.9,2.89,12.64,12,12-Jan
13-Jan,13,20.9,32.9,7.7,18.5,60.7,17.4,41.7,4.3,29.6,26.2,5.3,21.1,23.1,17,3.5,19.7,20.4,24.4,22,9.3,13.6,23.2,5,13.6,4.8,4.3,10.5,5.1,7.6,2.5,5.6,7.7,8.7,1.78,1.59,1.3,14.87,4.71,4.82,1.75,1.51,17.55,17.6,3.83,6.38,14.43,4.65,13.50,13,13-Jan
14-Jan,14,18.7,32.1,8.5,17.6,62.6,19,46.2,4.2,27.4,28.5,6.1,25.1,23.7,18.1,4.2,19.2,19.5,21.7,24.5,10.3,13.7,25.7,5.2,10.5,5.3,6.6,12.8,6.5,8.3,1.8,5.5,8.8,8.9,1.68,1.77,1.4,18.53,4.97,6.52,1.75,1.72,25.85,19.3,4.95,5.91,19.63,4.67,14.37,14,14-Jan
15-Jan,15,17.1,31.5,9.5,16.8,64.5,20.5,50.7,4.2,27,30.7,6.9,29,24.3,19.3,4.9,18.8,18,23.4,25.3,11.2,13.7,28.3,5.3,7.4,5.7,8.8,15.2,6.2,8.9,2.1,5.5,10,9,1.58,1.94,1.7,22.11,4.6,7.59,3.22,1.8,26.79,19.7,6.41,7.75,21.75,4.73,15.14,15,15-Jan
16-Jan,16,14.5,31,10.3,15.9,66.4,22.1,49.9,3.9,26.4,33,7.6,33.2,24.9,20.4,5.5,18.4,19.4,24.5,26.1,12.3,13.4,30.8,5.4,7,7,11.1,12.4,5.9,7.4,2.4,5.5,9.3,9,1.45,2.86,2.4,25.52,4.21,6.97,2.89,2.12,26.71,10.1,5.78,7.82,23.76,4.16,15.30,16,16-Jan
17-Jan,17,14.8,29.8,11.3,15,68.4,23.6,49.1,4.3,25.8,35.2,8.4,37.1,25.5,21.6,5.4,17.7,20,22.3,26.4,13.3,12.9,33.3,5.4,6.6,8.1,9.8,9.7,5.6,5.9,2.8,6.1,8.6,8.9,2.12,3.7,3,28.16,3.82,8.68,1.6,2.43,28.99,13.5,7.24,7.82,16.47,5.1,15.56,17,17-Jan
18-Jan,18,14.3,28,12.3,14.1,70.3,25,48.3,4.5,25.2,37.5,9.2,41,26.1,22.7,7.3,17.6,20.5,22.2,26.6,14,13.1,35.7,5.4,6.7,9.3,8.6,7,5.3,4.4,3,6.7,7.9,11,2.61,4.5,2.6,30.74,3.44,7.91,3.63,2.64,28.99,11.6,3.88,6.53,15.11,6.3,15.77,18,18-Jan
19-Jan,19,13.8,26.4,13.4,13.3,72,24.6,47.6,4.7,24.7,36.5,11.2,37.7,26.6,23.1,8.5,17.3,20,22.2,26.9,14.8,13.2,37.3,5.4,6.9,10.5,7.4,4.3,6.1,5.5,3.2,7.3,6.8,12.7,3.09,4.56,4.3,33.19,2.86,5.64,3.79,5.17,29.91,14.3,6.39,5.17,14.17,10.63,16.07,19,19-Jan
20-Jan,20,13.2,24.7,14.3,12.4,74,23.8,46.8,4.9,24.1,35.2,12.3,34.4,28.6,23.4,9.9,17.1,19.3,25.3,27.1,15.9,13.2,42.5,5.4,12.2,11.4,6.1,4.4,7,6.6,3.4,7.8,9.9,14.3,2.79,4.59,6,31.66,4.62,11.26,5.54,5.6,52.73,18.5,8.8,3.85,8.34,9.73,17.13,20,20-Jan
21-Jan,21,12.6,22.8,15.4,14.5,75.2,23.1,45.9,5.1,23.1,33.8,13.3,31.2,29.9,23.6,11.3,16.8,20.4,28.4,29.4,17,13.4,47.4,5.4,17.2,12.5,6.7,4.6,7.8,7.6,3.6,8.9,12.5,14.5,2.63,4.54,7.6,30.02,6.08,10.36,5.78,4.55,57.78,19.5,8.57,3.65,8.91,14.57,17.86,21,21-Jan
22-Jan,22,12.2,21.2,16.4,15.9,76.7,22.4,44.4,5.3,24.5,32.6,14.4,27.8,31.2,23.8,12.7,16.6,21.4,30.6,32.4,18.1,13.5,48.4,5.5,22.5,13.4,7.2,4.8,7.6,8.7,3.3,9.9,15.1,14.8,2.33,4.47,2.9,28.13,5.21,12.17,8.22,6.83,57.24,20.3,6.87,3.22,8.95,18.25,18.31,22,22-Jan
23-Jan,23,11.5,18.6,17.3,18,78.2,21.7,45.8,5.5,25.4,31.3,15.5,24.5,32.5,24.1,13.9,16.3,21,30.9,35.4,19.4,13.8,49.3,5.4,23.2,14.8,7.8,4.8,7.3,8.3,2.9,10.9,16.9,14.9,1.9,5.4,5.1,34.87,4.35,10.43,6.47,9.07,57.62,13.3,7.52,2.92,8.6,12.36,18.45,23,23-Jan
24-Jan,24,13,18.6,17.6,20.2,79.8,21,46.4,5.7,26.3,29.9,16.6,20.2,34,24.3,14.2,15.8,20.5,31.1,38.8,20.6,13.9,50.3,5.8,23.7,16.1,7.5,4.8,7.1,8,2.5,12.5,18.7,14.8,2,6.09,7.2,40.28,3.46,16.28,4.75,7.77,40.07,12.3,6.2,2.77,12.93,11.66,18.60,24,24-Jan
25-Jan,25,14.6,18.5,17.5,22.3,81,20,47.3,10.9,27.2,28,17.4,23.2,35.2,24.1,14.5,15.3,20,31.9,42.3,21.5,13.1,53.5,6,22.8,17.7,7.5,4.8,6.8,7.7,2.8,14.3,20.6,14.7,2.05,6.76,2.7,45.55,2.36,15.25,5.09,10.81,50.02,16.3,5.21,2.78,17.57,14.94,19.63,25,25-Jan
26-Jan,26,16.1,18.4,17.7,23.7,82.4,19.9,48.1,14.6,28.1,30.6,18.4,25.2,36.4,27.5,14.1,14.7,21.6,32.7,48,22.3,12.3,55.3,6.1,21.7,19,7.3,4.9,10.7,8,3.1,15.9,22.1,14.5,2.06,7.06,4.7,50.78,2.93,11.08,6.27,10,52.77,25.1,5.27,2.78,22.11,27.06,21.09,26,26-Jan
27-Jan,27,17.6,18.3,17.9,22.1,82.4,19.6,49.1,18.5,29,32.7,18.4,27.1,38.2,29.8,14.2,14.1,23.1,32.5,53.8,22.3,11.6,57.9,6.2,21.4,17.1,7.1,5.2,14.6,8.5,3.3,17.5,24.3,14.1,2.01,7.28,6.5,54,3.42,12.5,2.62,12.3,69.42,26.5,5.31,2.85,9.05,21.6,21.81,27,27-Jan
28-Jan,28,19.1,18.2,18.1,23.4,82.3,19.3,49.8,22.1,29.7,34.6,18.5,29.1,39.3,32.2,14.3,13.5,18.8,32.1,58.9,23.3,10.3,60.3,6.3,21,15.1,7.2,5.5,18.5,8.8,3.6,20.3,26,14.5,1.98,7.45,8.3,56.97,3.9,9.5,2.6,8.22,73.16,30,5.16,2.97,6.44,36.18,22.70,28,28-Jan
29-Jan,29,20.6,18.1,18,24.1,81.9,19.1,50.4,26,39.7,36.6,18.6,31,40.3,34.6,13.8,12.9,14.1,31.6,55.4,24.1,8.9,67.8,6.4,20.7,13.4,7.3,5.9,15.9,9.2,4.4,23.1,27.7,14.7,1.91,7.51,3.9,59.77,4.27,10.27,2.41,8.01,76.06,27.8,5.25,3.58,11.02,39.82,23.36,29,29-Jan
30-Jan,30,22.1,18,16.4,24.7,81.9,18.7,53.3,29.6,46.9,38.5,18.8,33.1,41.3,37,14,12.3,11.8,31.4,51.2,23.9,7.3,75.1,6.5,21.8,17.2,7.3,6.1,13.2,8.5,5.2,25.8,30.5,14.8,1.81,8.42,6.9,57.23,5.19,15.22,5.55,6.34,69.11,16.4,4.86,5.05,15.27,36.28,23.78,30,30-Jan
31-Jan,31,20.8,17.6,18.2,25.5,81.6,18.4,55.3,36.1,54.1,40.5,18.8,35,42.4,39.4,13.5,11.4,13.1,31.3,61.2,23.6,5.2,82.5,6.8,22.9,21.7,7.8,6.3,10.6,7.8,6,26.1,33.4,14.8,2.05,9.04,9.9,54.53,5.62,16.48,6.49,4,77.9,18,2.94,5.31,22.14,49.24,25.39,31,31-Jan
1-Feb,32,19.6,21.4,19.3,26.1,81.6,17.8,57.3,40.3,61,42.5,18.6,36.8,43.5,41.6,11,16.3,14.4,33.6,70.4,25,4.7,85.9,6.9,35.5,25.8,8.3,6.5,7.8,7.1,5.4,26.3,36.1,14.5,2.23,9.55,2.8,51.65,6.08,18.55,3.39,6.66,81.98,22.1,2.16,5.07,15.71,58.17,26.70,32,1-Feb
2-Feb,33,18.3,23.8,20.5,26.8,81.1,21.5,59.5,44.6,68.2,44.2,19.1,43.3,44.4,44.4,10.8,19.9,17.4,35.8,72.6,25.9,5.1,89.4,7.1,47.9,29.9,8.8,6.8,9,8,4.8,26.4,38.6,14.1,2.39,11.4,4.9,48.45,8.27,24.84,3.47,13.04,84.22,44.8,2.92,5.04,21.78,47.06,28.95,33,2-Feb
3-Feb,34,17.1,26.4,21.6,27.2,82.7,23.9,61.5,48.8,75.4,50.2,19.3,47.9,51,46.3,10.6,23.4,20.2,36,74.6,27.8,5.4,89.8,7.2,61,34.7,9.3,6.1,10.1,9.3,4.2,26.5,39.1,13.5,2.32,12.99,6.9,56.32,10.15,20.46,3.46,15.52,91.73,41.7,3.26,6.53,38.04,38.64,30.98,34,3-Feb
4-Feb,35,15.8,29.2,22.8,28,84.3,26.4,63.5,53.1,82.6,54.5,19.5,52.7,55.8,48,10.3,26.7,22.5,35.8,70.8,24.9,5.3,90.1,7.2,74.3,39.4,9.2,5.4,11.3,10.3,3.5,25.7,39.4,11.8,2.23,14.49,8.8,63.66,11.91,15,3.46,13.18,92.25,42.1,4.83,6.87,45.52,40.41,32.44,35,4-Feb
5-Feb,36,14.6,31.8,23.9,28.4,85.8,28.7,65.4,57.4,83.1,58.8,19.7,57.3,60.5,49.8,10,30.2,24.7,36,53.9,22,5.3,91.9,7.1,87.4,44.2,9.1,4.6,11,11.3,3.8,24.8,39.3,10,2.13,15.8,3.3,71.05,11.9,10.39,3.14,23.04,93.58,55.9,4.74,5.83,48.41,40.91,33.66,36,5-Feb
6-Feb,37,13.4,34.3,24.9,28.8,87.2,31.2,69.6,61.5,83.3,62.8,20,62,65.2,51.5,9.8,33.7,26,35.2,36.4,21.9,5.9,93.8,6.9,84.3,41.9,9,4.5,10.8,11.3,4.1,23.9,40,8.3,1.97,17.08,5.8,68.94,11.78,6.53,2.56,19.51,86.54,41.2,4.74,5.42,52.73,46.49,33.50,37,6-Feb
7-Feb,38,15.4,36.7,31.8,29.1,88.7,33.7,72.9,62.1,83.7,67.1,20.2,66.7,70,53.4,9.2,37.1,25.6,34.5,30.4,21.8,6.6,95.7,8.6,81.7,40.3,8.4,4.3,10.5,11.3,4.3,23.8,40.4,6.5,3.12,17.85,8.2,67.01,11.6,8.33,2.69,19.83,86.45,43.3,3.77,5.99,54.56,50.73,34.38,38,7-Feb
8-Feb,39,16.7,43.4,37.4,29.5,90.3,36.1,76.4,62.2,84,71.5,20.2,71.4,74.8,54.8,9.3,42.9,25.2,34.7,23.9,22.3,7.5,95.9,10.1,76.3,38.2,7.8,4.1,10.3,11.3,4.3,23.8,40.5,6,4.04,18.82,3.3,64.61,11.15,9.14,2.71,17.69,89,41.7,3.13,6.91,55.66,67.38,35.28,39,8-Feb
9-Feb,40,18.8,48.3,43.1,29.9,91.8,38.8,79.8,62.5,84.4,75.7,19.7,65.8,79.4,57.4,9.1,46.9,23.5,34.8,18,22.8,8.9,96.1,11.3,70.9,36.1,7.1,3.9,10,15.5,4.2,23.5,40.4,5.6,4.96,20.75,5.8,61.78,11.5,16.76,2.95,27.35,89.01,53.9,5.38,7.41,67.54,64.34,36.67,40,9-Feb
10-Feb,41,20.8,53.2,48.8,30,92.4,40.4,83.3,62.6,84.6,76,18.9,60.1,79,58.9,9,51.1,21.6,33.4,10.4,23.9,10.1,95.9,12.4,65.9,36,6.6,3.7,9.7,19.6,4.2,23,42.9,5.2,4.76,22.96,8.2,60.37,11.64,13.37,3.05,24.53,95.35,54.5,6.25,7.54,69.82,71.89,37.19,41,10-Feb
11-Feb,42,22.8,57.9,54.6,30.6,92.9,42.3,86.6,62.9,84.7,76.1,18.4,54.5,78,60.7,8.9,54.9,21.8,31.9,11.9,24,10.2,95.8,13.1,60.9,35.6,7,3.4,9.3,23.6,4.1,27.7,44.6,5.4,4.56,24.88,10.6,58.68,11.82,26.01,2.72,10.95,94.66,63.3,8.11,7.46,77.17,70.75,38.06,42,11-Feb
12-Feb,43,24.1,62.8,60.1,31,93.6,44.1,90,63,84.1,75.8,17.7,48.9,77.3,62.2,8.7,59.1,21.6,31.8,13.6,24.3,10.3,95.8,13.8,54.5,35.1,7.4,3.3,12.9,27.6,4.4,31.8,46.3,5.8,4.35,26.5,5.9,56.52,11.98,28.21,3.45,10.14,90.98,55.8,11.35,8.16,71.4,66.28,38.17,43,12-Feb
13-Feb,44,22.4,67.7,64.9,31.3,94.2,46,91.3,62.7,83.6,75.9,17,43.2,76.6,64.1,8.6,63.1,24.8,32,15.2,24.9,10.6,95.7,14.4,62.2,39.2,7.8,3.9,16.3,25.8,4.6,35.9,40.7,6.1,3.99,33.48,11.1,62.44,12.11,19.69,5.09,9.41,87.18,70.1,15.06,5.1,67.02,64.81,39.13,44,13-Feb
14-Feb,45,25.2,72.6,60.6,31.6,95,47.7,92,62.6,82.9,75.6,15.6,37.6,75.9,65.6,8.3,67.2,26.1,32.1,20.2,25.6,11,95.7,14,68.7,43.3,7,4.4,19.8,24,4.9,48.3,35.2,6.3,5.85,39.55,16.2,67.39,12.27,14.56,5.77,11.65,91.07,67.4,22.69,4.89,65.67,69.26,40.36,45,14-Feb
15-Feb,46,27.1,73,56.3,31.9,95.4,48.9,92.9,62.3,82.3,75.5,16,30.4,74.9,67.2,9.8,67.3,27.2,34.3,25.4,25.8,15.9,94.8,13.4,75.7,47.3,6.3,5,23.2,22.1,4.8,61,29.3,6,7.31,45.41,4.1,72.14,12.24,10.67,5.38,10.75,91.1,74.2,17.73,4.3,62.3,65.57,40.68,46,15-Feb
16-Feb,47,29,73,51.9,32.3,96,55.6,93.8,62,81.6,75.5,16.2,28.9,73.9,71.6,9.7,67.2,31,36.5,30.1,26,19.5,94.2,14.1,82.4,51.2,5.4,5.6,26.7,21.8,4.6,72.9,22.3,5.8,8.73,45.06,7.3,76.91,10.89,15.28,4.41,14.13,90.95,85,16.66,7.63,67.22,63.94,42.18,47,16-Feb
17-Feb,48,30.8,73.1,47.6,32.3,95.9,60.4,95,61.9,81.1,74.9,16.4,27.5,74.9,74.9,9.3,67,34.5,37.6,34.8,26.1,23.1,92.6,14.8,86.8,53.8,4.7,6.2,30,21.5,4.4,85.4,33.4,5.4,8.42,44.67,10.4,75.11,9.47,10.73,4.33,38.62,95.19,88.9,10.07,10.04,53.62,75.11,43.68,48,17-Feb
18-Feb,49,32.8,73.1,43.3,30.8,95.9,65.3,95.8,61.7,80,72.2,16.6,26,75.5,78,8.9,66.8,35.7,38.4,39.2,25.8,29.9,91.2,14,91,56.3,4.1,6.7,33.5,21.1,4.2,77.2,42.7,10.3,8.03,43.81,13.8,73.15,7.86,7.63,2.71,35.8,91.84,91.6,14.44,8.15,52.57,76.86,44.09,49,18-Feb
19-Feb,50,34.7,73.2,39,29.1,95.8,70.1,96.5,61.3,76.3,69.4,16.7,24.6,76.2,81.1,8.5,66.6,36.7,38.6,39.3,25.5,36.7,89.7,13.3,95.5,58.9,3.6,7.3,30.6,20.7,4,69.2,52.2,14.2,7.54,42.9,9.5,71.14,13.43,6.07,2.75,18.93,90.94,91.7,16.49,4.18,52.88,80.66,43.92,50,19-Feb
20-Feb,51,36.6,73.3,32.7,27.4,95.8,75,96.5,60.5,72.6,66.7,16.9,23,76.8,84.3,8.4,66.5,36.5,39,39.3,22.8,44.7,88.3,12.4,87.2,60.6,3,10.1,27.8,21.9,3.8,61.1,45.8,18.1,6.74,40.13,18.1,72.42,18.12,12.41,5.42,13.33,82.8,93.8,15.86,4.2,60.53,81.53,43.85,51,20-Feb
21-Feb,52,42.8,72.7,31,25.7,95.8,79.8,96.6,60,68.7,63.6,17.1,21.7,77.5,87.5,7.9,66,38.3,39.3,41.3,19.9,52.7,86.7,12.6,78.3,62.4,3,12.9,24.8,23,3.6,66.9,39.3,22,7.29,37.07,26.8,73.54,22.68,15.85,4.78,16.12,85.53,93.5,3.94,5.36,65.62,83.13,44.31,52,21-Feb
22-Feb,53,47.3,73.2,29.3,24,95.8,84.5,96.7,59.4,65,60.9,17.3,18.7,78.1,90.7,7.8,63.3,40.1,36.6,43.3,21.8,59.2,89.6,12.6,77.1,64.1,3,15.5,21.8,24.1,3.5,72.7,32.8,25.4,7.55,33.94,7.6,74.37,27.34,14.34,2.62,18,78.6,95,6.09,5.4,67.09,80.18,44.11,53,22-Feb
23-Feb,54,51.8,73.4,27.5,22.3,95.7,86.1,96.8,58.7,61.2,57,17.2,22,78.7,89.8,7.5,60.3,44.8,33.8,49.9,23.3,58.4,92.4,13.6,75.6,65.8,2.9,18.3,19.4,23.8,3.5,78,25.4,28.1,7.75,30.4,16.1,75.05,21.49,23.34,2.26,16.3,88.78,95.5,6.65,4.39,68,76.76,44.59,54,23-Feb
24-Feb,55,56.4,73.4,25.8,19.8,95.4,87.2,97,57.9,57.4,61.6,16.3,23.5,79.6,88.8,7.4,57.4,49.3,36.7,56.2,25.1,57.7,92.8,14.6,72.2,61.6,3,16.1,17,23.6,3.5,83.6,28.1,30.7,7.93,27.37,23.6,75.92,15.66,17.15,2.2,19.61,91.74,93,5.82,3.78,74.59,77.66,44.95,55,24-Feb
25-Feb,56,60.9,73.5,24.1,21.8,95,88.2,97.1,57.2,51.9,64.7,15.3,25.2,80,87.8,7.4,54.6,50.4,39.1,65.1,23.9,62.8,93.2,15.9,68.8,57.4,2.9,14,14.5,23.2,3.4,86.5,30.2,30.4,8.07,23.41,31.6,77,9.06,11.36,2.18,15.8,95.51,94.7,5.86,3.11,74.92,75.78,44.99,56,25-Feb
26-Feb,57,65.4,73.6,22.3,23.2,94.7,89.3,97.1,56.6,57.3,67.8,14.3,26.7,80.4,86.9,7.3,51.7,51.4,46.7,70.9,22.5,67.8,93.9,17.2,64.8,53,2.7,11.8,13.1,22.9,3.8,89,32.1,29.7,7.99,19.35,10,78.06,8.85,15.22,2.35,17.37,91.23,95.5,5.24,4.07,61.26,76.57,44.70,57,26-Feb
27-Feb,58,69.8,73.8,19.6,24.6,94.4,90.5,95.2,55.4,61.1,71.2,13.1,28.4,80.8,86,6.9,48.8,53.7,51.1,76.6,22,72.2,94.8,18.5,79.5,59.4,2.6,10.8,11.8,30.7,4.1,91.9,31.2,28.9,7.98,20.02,20,82.37,8.63,25.06,4.26,11.85,91.23,95.6,4.43,3.08,57.5,85.32,46.31,58,27-Feb
28-Feb,59,67.9,73.6,19.9,26,94.2,91.6,93.7,59.9,65,73.9,12.1,29.9,81.2,85,4.6,44.3,54.5,55.4,78.9,21.5,76.6,95.5,21.3,93.2,65.2,2.4,9.7,10.4,38.3,4.4,92.8,30.3,27.5,11.29,19.83,29.6,85.96,8.3,20.77,4.35,10.17,95.57,95.7,3.45,3.06,56.55,86.06,47.48,59,28-Feb
29-Feb,59.5,,,,27.3,,,,62.9,,,,31.4,,,,45.4,,,,22.8,,,,95.6,,,,9,,,,29.2,,,,9.2,,,,4.73,,,,11.51,,,,31.73,59.5,29-Feb
1-Mar,60,65.7,71,19.8,28.8,93.9,92.5,92,65.8,68.8,77.4,10.4,41.4,81.7,83.8,4.5,45.4,55.4,57.5,81.4,23.8,77.2,95.1,23.8,97.7,70.8,2.3,8.4,7.5,46.2,5.3,93.7,27.3,29.1,13.96,19.58,19.3,89.57,7.98,21.34,2.59,7.78,90.83,94.21,12.13,3.57,57.15,84.01,48.29,60,1-Mar
2-Mar,61,63.7,68.2,19.7,29.9,93.4,91.1,90.6,68.7,72.8,80.4,10.2,49.2,81.9,83.7,4.4,45.6,59.6,59.3,85.1,24.2,63.9,94.6,26.3,98.2,75.8,2.2,7.5,6,44.2,6.1,94.6,26.5,30.2,16.66,19.03,28.5,93.63,10.22,14.15,4.25,8.62,95.36,89.15,13.26,7.65,59.41,85.96,49.01,61,2-Mar
3-Mar,62,61.7,65.4,19.6,31.8,90.4,89.9,88.9,71.6,76.5,83.3,9.8,57,80.8,83.6,4.2,45.6,63.7,67.2,88.7,22,50,94,28.8,98.5,77.3,2,8.3,4.3,42.1,6.9,95.4,25.1,30.6,16.46,18.28,37.8,92.01,12.16,19.37,2.9,33.56,95.82,86.82,15.49,9.24,75.74,90.77,50.46,62,3-Mar
4-Mar,63,59.7,62.7,19.5,32.9,87.8,88.6,87.4,74.7,80.4,83.4,9.5,64.8,79.6,83.3,4,45.8,67.9,74.8,89.6,19.7,49.2,93.4,27,99.1,78.2,1.9,9.1,4.1,39.9,7.7,95.5,23.5,26.9,16.3,16.93,13.9,90.3,14.03,27.24,4.44,14.73,95.38,91.19,15.73,18.7,73.54,91.85,50.12,63,4-Mar
5-Mar,64,57.6,59.9,19.4,34,84.8,87.2,85.1,77.2,76.4,84,9.1,72.6,78.4,83,3.9,45.8,72.1,78.1,89,18,48.3,92.9,25.5,99.4,79.3,1.8,9.8,4,37.8,7.9,95.5,22.4,23.2,15.94,14.86,27.7,88.53,12.81,27.24,5.96,16.7,92.76,94.09,14.89,10.99,66.86,92.72,49.90,64,5-Mar
6-Mar,65,54.4,57.2,18.9,35.1,82,85.9,86.9,72.3,72.3,84.3,8.8,80.4,77.2,82.8,3.7,45.4,76.6,76.9,88.4,16.3,45.7,92.5,23.6,99.7,74.8,1.6,10.1,3.8,40.2,8.1,95.5,21.1,19.3,15.41,28.45,41.2,87.58,11.51,22.49,4.05,16.19,92.5,92.9,10.09,10.21,48.49,94.09,49.30,65,6-Mar
7-Mar,66,51.1,53.3,20.8,36.1,79.1,84.7,88.3,67.4,68,84.4,8.4,88.2,76,82.6,3.5,46.6,79.4,75.4,84.9,14.6,42.7,91.9,22,99.9,70.3,1.6,10.4,3.6,42.6,8.2,95.5,19.6,14.7,14.5,40.16,16.1,86.57,10.19,27.53,2.71,19.09,94.41,92.21,6.83,8.89,50.34,93.98,48.50,66,7-Mar
8-Mar,67,48,54.5,22.1,37.3,76.4,83,89.6,62.5,64,85.2,7.7,87.5,74.8,82,3.6,47,82.3,71.7,81.3,12.8,43.3,87.4,19.9,100,65.8,1.6,10.6,3.4,44.9,7.6,95.5,17.6,22.4,13.49,51.83,31.6,85.56,8.86,29.24,2.25,16,91.39,90.06,6.34,3.19,50.5,94.91,48.27,67,8-Mar
9-Mar,68,44.8,55.2,23.4,38.1,72.8,84.6,90.8,57.6,59.7,85.3,7.2,86.7,73,83,3.6,47.2,79.1,67.5,81.4,17.9,43.7,82.5,19.8,92.3,60,1.6,10.9,3.2,45.6,6.9,95.5,17.5,29.3,12.21,42.44,47.2,84.55,7.16,23.51,1.82,13.37,90.29,85.37,5.28,3.98,50.39,94.65,47.45,68,9-Mar
10-Mar,69,41.7,55.8,24.7,40.5,74.5,85.8,92.2,52.7,55.6,80,6.7,85.8,68.3,83.9,3.6,47.5,75.4,66.3,81.3,22.1,44.5,81.8,19.6,84.9,62,1.6,10.1,2.9,46,6.2,95.5,17.2,36,10.71,33.06,62.7,83.41,6.12,19.52,2.08,12.68,93.21,80.59,3.9,5.04,51.69,87.53,46.91,69,10-Mar
11-Mar,70,38.4,56.5,26,42.1,75.7,87,93.5,47.8,49.2,74.6,6.2,85.1,63.4,84.5,3.7,47.7,77.8,64.6,78.8,26.4,40,80.8,19.4,78.1,63,1.7,9.4,2.9,46.4,5.5,93.8,16.4,38.5,9.32,23.49,16.7,82.44,5.49,17.61,2.89,9.7,94.57,75.17,3.99,6.5,53.94,82.59,44.88,70,11-Mar
12-Mar,71,35.4,57,27.3,43.7,76.9,88.4,94.8,40.8,45.5,68.7,5.7,84.1,58.4,85,3.7,48.1,79.9,62.4,71.3,34.3,35.4,80.3,19.1,83.9,64,1.9,8.6,2.8,46.7,7,92.2,15.6,40.7,7.3,12.33,32.8,80.8,5.18,17.04,2.32,8.59,91.62,76.14,3.85,11.08,67.39,80.74,44.83,71,12-Mar
13-Mar,72,30.9,57.8,28.5,45.3,78,89.7,93.3,39.5,41.5,63.4,5.2,83.4,53.6,85.5,3.7,47.4,81.1,60.5,63.5,42.5,39.3,79.4,18.8,89.1,64.9,2,8,2.8,41.6,8.6,90.5,14.4,42.6,5.8,12.58,49,77.45,4.84,17.03,1.95,10.81,90.58,77.84,3.66,16.07,51.95,83.03,44.66,72,13-Mar
14-Mar,73,30.9,57.5,25.7,46.9,79.2,90.9,91.8,37.9,37.6,57.9,4.6,82.4,48.6,86.4,3.7,50.2,81.5,58.6,58.6,50.4,42.5,78.5,18.5,86.1,65.6,2.4,7.7,2.7,36.5,10.1,89.6,13.2,44.1,5.42,12.22,12.7,73.88,4.85,12.17,1.79,9.51,91.33,74.54,3.54,18.24,49.35,84.36,43.25,73,14-Mar
15-Mar,74,28.3,59.7,22.9,48.6,80.4,92.1,90.4,36.1,33.5,52.5,3.9,81.3,43.7,86.9,7,51.5,81.6,52.2,53.4,58.3,46.2,75.6,18,83.2,66.1,3,7.2,2.8,31.1,10.2,88.8,11.5,48.3,4.98,11.63,25,70.31,4.58,12.19,1.76,12.6,95.13,72.8,4.05,14.75,44.94,68.85,42.55,74,15-Mar
16-Mar,75,25,61.2,20.1,49.9,81.5,83.1,88.8,34.5,29.7,46.7,5.1,80.5,36.5,82.3,6.8,52.9,82.1,45.4,48.8,61.7,42.7,71.9,17.2,80.5,65.9,3.5,6.7,2.9,35.4,10.2,87.8,12.6,51.4,4.43,11.76,37,66.74,4.22,11.79,1.78,11.6,95.01,71.88,2.88,12.42,43.89,69.87,41.63,75,16-Mar
17-Mar,76,22.5,62.7,17.3,46.2,81.6,74.1,87.3,32.7,25.7,39,5.7,79.4,36.7,77.8,5.8,54.3,81.9,43.3,43.6,65.2,38.8,72.4,16.1,77.6,69,4.1,6.2,2.9,39.2,10.3,86.9,13.2,54.5,4.5,11.85,49.2,62.02,4.17,11.08,1.84,15.82,95.41,63.81,2.08,11.99,48.47,60.38,40.78,76,17-Mar
18-Mar,77,19.1,64.3,14.5,42.5,81.4,65.2,85.9,31.2,20.1,39.9,6.3,78.2,36.4,73.1,4.8,55.8,81.4,40.3,40.8,62.4,42.4,72.3,15.3,74.4,71.2,3.9,5.8,2.7,43,10.3,85.1,13.6,46.7,4.56,11.22,18.6,58.07,4.12,14.22,1.77,22.63,89.96,61.26,1.63,8.34,52.81,65.63,39.26,77,18-Mar
19-Mar,78,15.9,65.8,11.7,38.8,81.4,56.1,84,28.4,21.5,39.7,6.9,77,36,68.3,3.8,57.1,80.7,39.1,39.1,60.9,45.6,74.3,14.3,87.2,73.4,3.8,5.3,2.6,46.7,9,83.3,12.6,38.7,4.39,11.21,36.4,52.11,3.79,13.61,1.32,14.68,90.4,60.72,5.46,8.62,54.5,69.68,39.06,78,19-Mar
20-Mar,79,13.2,67.3,7.9,35.1,81.7,47.2,85.4,28.2,22.4,39.7,7.4,75.9,35.7,63.7,3.6,58.3,79.3,31.9,37.2,59.3,46.9,76.1,12.9,99.2,77.7,3.7,4.9,2.4,39.4,7.7,81.1,11.6,30.7,4.52,11.22,32,53.25,3.45,8.77,1.32,10.14,90.23,61.62,2.66,8.54,57.34,66.27,38.00,79,20-Mar
21-Mar,80,9.9,68.7,8.6,31.4,81.7,38.2,86.5,27.2,23.3,39.3,8,74.7,35.3,59.1,2.5,53.6,80.6,24.1,36.4,65,47.7,77.4,10.6,85.5,81.6,3.3,4.5,2.2,32,6.3,80.1,10.4,21.3,4.17,10.66,6,53.46,3.1,8.76,1.32,11.9,86.79,60,1.69,6.76,61.1,57.84,35.97,80,21-Mar
22-Mar,81,9,70.1,8.9,27.7,81.5,27.5,87.5,26.4,24.2,39.3,8.6,73.1,35.1,53,2.9,48.8,81.8,23.1,35.5,70.4,48.4,73.3,8.6,71.3,85.3,2.9,4,2.1,24.5,6.6,79.1,8.8,22.3,3.94,9.9,11.2,53.68,2.72,8.25,1.3,16.59,92.35,59.48,1.56,4.83,58.73,46.27,34.94,81,22-Mar
23-Mar,82,8.2,70.5,9.3,22.7,81.5,28.1,88.7,25.5,25.1,37.8,9.2,60.9,33.6,50.8,2.8,44.1,81.1,22.1,30.8,73.3,47.9,68.7,8.1,63.4,89,2.5,3.8,2,24.5,7,77.8,9,22.9,3.67,9,17.2,53.73,2.3,5.15,1.21,15.17,89.42,67.43,1.59,5,70.37,42.48,34.39,82,23-Mar
24-Mar,83,7.4,71,9.7,23.8,78.4,28.9,89.8,24.7,26,35.4,9,47.6,32.5,48.6,3.2,39.3,80.4,22.5,25.4,64.1,47.2,67.2,7.6,55.6,86,2.1,4,1.8,24.2,7.3,76.3,9,23.3,3.57,8.2,22.6,54.1,2.12,5.33,1.16,12.05,94.04,69.08,1.47,4.65,63.59,36.91,33.15,83,24-Mar
25-Mar,84,6.5,71.6,10.1,22.3,75.5,29.3,90.9,23.8,26.7,32.6,8.6,45.1,31.2,46.2,3.6,34.5,79.4,22.3,21.3,54.3,48,65.3,7.1,47.4,82.9,1.9,4.3,1.7,24,7.6,75.8,8.8,21.6,3.51,6.04,28.1,44.6,1.54,9.33,1.13,7.49,93.18,69.05,1.45,4.37,55.35,37.34,31.80,84,25-Mar
26-Mar,85,5.6,72.1,10.4,20.1,72.4,29.9,91.8,22.2,25.5,29.8,8.3,42.5,29.9,44.1,3.9,29.7,77.9,22.7,18.6,50.5,48.8,62,6.6,72.1,79.6,1.8,4.5,1.6,23.8,7.7,74.8,8.1,19.6,3.36,5.6,17.5,33.68,1.49,11.79,0.96,6.71,91.12,64.17,1.32,4.02,40.23,33.14,30.51,85,26-Mar
27-Mar,86,4.7,72.6,10.6,17.8,69.6,30.3,87.2,23.1,24.3,26.7,8,39.9,28.6,41.7,3.9,22.5,77,21.5,15.8,46.8,45.5,58.8,5.9,95.7,81.3,1.6,4.2,1.4,26.3,7.7,73.6,7.3,17.6,3.24,5.64,13.6,33.21,1.44,11.2,0.97,6.09,90.53,68.85,1.28,3.31,31.62,34.64,29.90,86,27-Mar
28-Mar,87,4.4,72.6,12.4,15.6,66.5,31.1,82.9,23.8,23.1,24,7.6,37.4,27.3,39.4,2.2,20.7,72.2,20.5,14.8,40.1,42,55.1,5.9,95,83,1.4,3.9,1.2,28.7,7.7,67.2,6.4,14.8,3.64,5.8,2.6,33.48,1.39,13.92,0.9,6.99,90.24,72.26,1.28,3.75,34.08,31.39,28.78,87,28-Mar
29-Mar,88,4,70.2,13.5,13.9,63.7,29.7,78.5,24.5,22,19.5,7.3,32,26,35.5,2.6,18.7,67.1,17,13.6,32.2,37.6,55.2,5.8,94.3,84.5,1.3,3.6,1.2,31.2,6.7,60.6,5.1,15.7,3.93,5.89,4.2,33.74,1.32,20.51,0.85,12.39,90.8,66.91,1.22,3.7,34.23,25.79,27.65,88,29-Mar
30-Mar,89,3.7,67.6,14.6,11.9,59.6,27.8,74,25.2,20.7,21.3,6.5,32.3,23.8,34.1,2.6,16.7,62.8,13.6,12.5,27.4,31.5,54.8,5.6,93.7,85.8,1.2,3.2,1.2,27.5,5.8,53.5,5.7,16.2,4.17,5.28,6,33.96,1.27,14.3,0.85,11.51,90.71,62.91,1.31,3.51,27.36,23.95,26.20,89,30-Mar
31-Mar,90,3.4,64.8,15.7,11.8,56.2,25.7,69.6,25.9,19.5,22.4,5.9,32.2,21.3,32.3,3.1,14.7,57.9,12.3,11.3,23,25.6,54.3,5.3,93.4,81.8,1.1,2.9,1.2,23.8,4.8,45.3,6.2,16.5,3.82,4.66,7.6,34.03,1.25,30.06,0.77,9.42,83.66,62.87,1.27,2.98,23.14,22.86,25.10,90,31-Mar
1-Apr,91,3,61.9,16.8,11.3,52.5,23.7,65.3,26.5,17.7,23.4,5.2,32.1,18.8,30.7,3.5,12.7,56.8,10.8,10.5,18.6,22.2,53.8,5.1,92.1,77.7,0.9,2.6,1.1,20.2,3.9,49.6,6.6,14.2,3.45,3.94,9.4,31.52,1.23,31,0.78,7.26,87.03,67.74,1.29,2.62,28.1,18.96,24.39,91,1-Apr
2-Apr,92,2.7,59.2,18,11.2,49,21.6,59.3,26.7,17.2,24.6,4.6,32,16.4,28.9,3.5,10.6,55.5,10.3,9.3,18,18.7,52.8,4.9,86.9,73.6,0.8,2.3,1.1,16.4,3.9,53.2,5.8,11.8,3.06,3.26,9.2,20.25,1.17,33.64,0.75,4.57,83.92,59.1,1.16,2.61,24.48,18.6,22.91,92,2-Apr
3-Apr,93,2.4,56.6,18.9,11.1,45.3,19.6,60.5,25.1,16.6,25.4,3.9,31.9,13.9,27.3,4,7.4,57.4,9.4,8.7,17.3,15.8,51.8,4.7,81.3,71.7,0.7,2.1,1,16.3,4,56.7,4.9,9.3,2.53,3.2,9.5,19.04,1.12,22.99,0.74,4.68,83.92,54.16,1.12,2.46,18.86,13.24,21.71,93,3-Apr
4-Apr,94,2,52.6,19.6,11,41.8,17.5,61.1,23.2,15.8,26.5,3.3,31.8,11.5,25.5,4,6.6,55.3,8.2,8.3,14.9,11.8,50.1,4.6,72.4,69.8,0.8,1.9,0.9,16.2,4,55.1,4.1,6.1,2.38,3.21,1.9,17.51,1.06,4.52,0.57,4.81,75.73,49.22,1.11,2.59,22.05,13.36,19.96,94,4-Apr
5-Apr,95,1.7,48.7,18.1,10.6,38.1,14.5,61.7,21.5,15.2,27.4,2.3,31.4,9,23.1,2.1,5.7,53.2,8.3,7.8,11.9,10.5,47.2,4.4,61.9,67.7,0.8,1.7,0.8,16.1,4.1,53.2,2.9,5.6,2.22,3.19,2.9,15.98,0.99,3.44,0.62,4.82,80.68,51.33,1.31,2.17,12.69,15.79,18.88,95,5-Apr
6-Apr,96,1.4,44.9,16,7.7,32.4,13.6,62.5,19.6,14.5,27.7,2.2,29.9,5.5,20.7,0,4.9,55.7,8.1,7.2,10.4,8.9,44.7,4.1,63.2,64.9,0.8,1.5,0.8,14.9,4.1,51,3,5.1,2.09,3.21,4,14.3,0.95,3.13,0.53,5.63,81.83,57.21,1.13,2.03,14.71,14.87,18.25,96,6-Apr
7-Apr,97,0,40.9,14,7.3,31.7,12.6,63.2,17.9,13.8,26.1,2.1,28.4,5.3,18.4,0,4,58,7.6,5.8,8.6,7.2,44.5,3.6,63.8,62,0.8,1.6,0.7,13.6,4.2,48.9,2.9,4.5,1.96,3.42,5,13.55,0.9,6.59,0.61,5.29,83.56,57.89,1.13,1.55,12.11,15.9,17.73,97,7-Apr
8-Apr,98,0,36.8,11.9,6.8,30.9,11.6,63.7,16,12.7,24.3,2.1,26.5,5.1,15.9,0,3.2,59.8,6.3,5.6,6.9,6.6,44.4,3.5,64.3,59.3,0.8,1.6,0.7,12.3,4.2,46.7,2.9,4.1,1.91,3.4,6.4,9.6,0.85,3.31,0.54,5.7,80.25,60.17,1.13,1.55,11.59,15.21,17.00,98,8-Apr
9-Apr,99,0,32.8,10.4,6.3,30,10.7,64,13.6,11.3,22.5,2,25.5,4.9,13.3,0,2.3,61.5,5.6,4.8,7.1,6.2,42.1,3.3,61.4,55.5,0.8,1.6,0.6,10.4,4,44.3,2.8,3.6,1.85,3.39,5.1,7.14,0.72,3.97,0.28,5.3,82.98,58.86,1.07,1.59,53.18,14.86,17.14,99,9-Apr
10-Apr,100,0,29,8,5.9,29.1,9.7,60.9,12.4,10,20.6,1.9,24.4,4.7,10.9,0,1,57.5,5.4,4.2,7.5,5.8,39.7,3.1,57.4,52,0.7,1.6,0.5,9.2,3.7,41.3,2.7,3.2,1.77,3.32,5.1,7.84,0.6,3.99,0.08,4.56,80.38,58.86,0.56,1.49,52.97,12.48,16.13,100,10-Apr
11-Apr,101,0,23,8.1,5.4,28.2,8.7,57.6,11.1,8.8,18.8,1.8,23,4.5,8.5,0,1.7,52.9,5.3,3.6,6.7,4.8,36.9,3.1,56.8,47.3,0.7,1.5,0.4,7.9,3.4,35.6,2.6,2.6,1.76,3.22,1.5,8.35,0.47,2.48,0.01,3.84,77.69,40.08,1.05,1.32,39.1,11.97,14.34,101,11-Apr
12-Apr,102,0,22,7.4,4.9,27.3,7.2,54.5,9.9,7.4,17,1.7,20.9,4.3,4.7,0,1.5,47.7,5,3,5.7,4.6,35.2,3,55.4,42.3,0.7,1.4,0.4,6.4,3.3,29.9,2.5,2.5,1.72,3.05,2,8.8,0.35,2.16,0,3.39,65.95,40.03,1.09,1.04,10.45,11.64,12.58,102,12-Apr
13-Apr,103,0,20.8,6.5,4.1,26,7.6,51.1,8.6,6.1,14.1,1.7,19.6,4,4.7,0,1.2,42.3,4.8,2.8,4.8,4.3,33.3,3,47.3,36.6,0.7,1.4,0.4,5.7,3.2,24,2.4,2.5,1.66,2.81,2.6,9.25,0.28,2.17,0,3.41,62.06,37.67,1.06,1.29,10.03,11.9,11.53,103,13-Apr
14-Apr,104,0,19.8,5.6,6.2,25.7,7.7,47.9,7.4,4.8,13.3,1.7,18.2,3.9,4.5,0,0.9,36.8,4.1,2.5,4.6,3.9,32.5,3,39,29.3,0.7,1.4,0.4,4.9,3,17,2.3,2.3,1.56,2.63,3.1,9.94,0.22,2.05,0,3.55,64.06,28.55,1.06,1.26,10.25,9.71,10.49,104,14-Apr
15-Apr,105,0,18.7,4.6,5.8,24.9,7.8,44.6,6.2,3,12.4,1.7,16.8,3.7,4.4,0,0.6,30.4,3.4,2.5,4.3,3.5,31.3,2.8,29.6,21.8,0.5,1.3,0.3,4.1,2.8,15.5,2.2,2.1,1.45,2.33,3.6,8.76,0.14,1.79,0,3.08,68.18,27.5,1.06,0.98,12.3,10.14,9.68,105,15-Apr
16-Apr,106,0,17.7,3.9,4.8,24.2,7.9,40.2,4.3,0,11.6,1.7,15.5,3.6,4.2,0,0.5,22,2.8,2.4,4.1,3.2,25.6,2.5,29,11.3,0.3,1.3,0.3,3,2.5,13.9,2,1.9,1.31,2.06,4.1,7.52,0,1.5,0,3.16,67.23,26.98,0.55,0.99,8.09,11.11,8.57,106,16-Apr
17-Apr,107,0,16.5,3,3.7,23.4,8,40.3,0,0,10.7,1.7,14.1,3.5,4.1,0,0.2,18.7,2.5,2.3,4,2.9,20,2.3,28,12,0.1,1.3,0.2,2.8,2.1,12.3,1.8,1.7,1.16,2.04,3.1,6.45,0,1.39,0,3.44,64.31,25.62,1.04,0.92,7.19,11.84,7.93,107,17-Apr
18-Apr,108,0,14.5,2.9,2.7,22.7,8.1,40.2,0,0,9.9,1.7,12.8,3.3,3.9,0,0,15.9,2.4,2.2,3.7,2.6,13.6,2,29.4,12.5,0.1,1.2,0.2,2.5,1.7,10.4,1.6,1.5,1.11,2,1.3,5.54,0,1.24,0,3.08,63.54,22.63,1.04,0.46,7.13,9.45,7.33,108,18-Apr
19-Apr,109,0,13.6,2.8,2.3,21.9,8.1,40,0,0,9,1.6,10.9,3.2,3.6,0,0,13,2.4,2,3.3,2.6,13.7,2,30.3,12.9,0.1,1.2,0.2,2.2,1.6,9,1.4,1.4,1.05,1.92,1.6,4.43,0,4.62,0,3.14,71.21,21.35,1.02,0.45,6.67,7.91,7.27,109,19-Apr
20-Apr,110,0,12.6,2.7,1.3,20.7,7.9,40,0,0,7.7,1.6,10,2.9,3.8,0,0,12.3,2.5,2,3.2,2.5,13.8,1.8,30.5,13.2,0.1,1.2,0.2,2.1,1.5,7.5,1.3,1.2,0.99,1.93,1.8,3.43,0,1.25,0,3.58,59.97,22.8,1.04,0.47,6.39,8.28,6.81,110,20-Apr
21-Apr,111,0,11.6,2.6,0,18.8,7.5,39.8,0,0,7.4,1.6,9.2,2.6,2.9,0,0,11.4,2.3,1.9,2.8,2.5,11.8,1.7,30.5,12.2,0.1,1.2,0.2,2,1.4,6,1.3,1.1,0.81,1.91,2.2,3,0,1.24,0,3.17,67.8,21.66,1.04,0.19,7.47,7.78,6.65,111,21-Apr
22-Apr,112,0,10.5,2.5,0,16.7,7.1,39.7,0,0,7.2,1.6,8.3,2.3,1.9,0,0,10.2,2,1.8,2.4,2.3,9.8,1.5,30.3,11,0.1,1.2,0.1,1.8,1.2,6,1.1,0.9,0.64,1.84,1.3,2.69,0,1.21,0,2.72,67.56,14.97,1.04,0.17,8.57,6.93,6.19,112,22-Apr
23-Apr,113,0,9.5,2.4,0,14.7,6.7,39.2,0,0,6.9,1.5,7.5,2.1,0.9,0,0,8.5,1.1,1.6,2.3,2.2,8.9,1.5,28,9.4,0,1.2,0.1,1.6,1.2,5.9,1.1,0.7,0.47,1.81,1.5,2.28,0,1.21,0,2.84,68.26,13.97,0.93,0.17,8.13,6.02,5.84,113,23-Apr
24-Apr,114,0,8.5,2.2,0,12.7,6.4,38.7,0,0,6.5,1.5,6.6,1.8,0,0,0,7.3,0.9,1.5,2.1,2.2,8.2,1.3,25,9.4,0,1.1,0,1.6,1.2,5.8,1.1,0.4,0.27,1.68,1.7,2.24,0,1.17,0,2.45,60.1,13.59,0.91,0.01,9.18,4.93,5.37,114,24-Apr
25-Apr,115,0,7.1,0,0,10.7,6,38,0,0,6.3,1.5,5.7,1.5,0,0,0,6.1,0.8,1.5,1.8,2.2,7.1,1.4,23.4,9.2,0,1.1,0,1.6,1.1,5.2,1.1,0.2,0.2,1.53,1,2.17,0,1.14,0,2.18,62.13,14.95,0.91,0,7.93,4.5,5.09,115,25-Apr
26-Apr,116,0,6.5,0,0,8.7,5.4,37.4,0,0,5.7,1.4,4.4,1.3,0,0,0,4.8,0.6,1.4,1.5,2.1,6.9,1.3,21.6,9,0,1.1,0,1.5,1,4.5,1,0.1,0.13,1.33,1.1,2.1,0,1.09,0,1.98,51.27,13.97,0.91,0,6.26,2.98,4.52,116,26-Apr
27-Apr,117,0,6,0,0,5.2,4.9,36.9,0,0,5.7,1.3,3.8,0.9,0,0,0,4.3,0.5,1.2,1.3,1.8,6.6,1.3,19.3,8.5,0,1,0,1.5,0.9,3.8,0.9,0.1,0.05,1.09,1.1,2.14,0,1.02,0,1.98,54.27,12.6,0.93,0,5.26,2.41,4.27,117,27-Apr
28-Apr,118,0,5.4,0,0,4.6,4.5,36.3,0,0,5.5,1.3,3.3,0,0,0,0,3.8,0,1.1,1.2,1.5,6.6,1.3,17,8.7,0,1,0,1.5,0.8,3.1,0.8,0,0.04,0.87,1.1,1.84,0,1.03,0,1.81,41.25,12.9,0.94,0,4.33,3.81,3.81,118,28-Apr
29-Apr,119,0,4.8,0,0,4.1,4,35.6,0,0,5.4,1.2,2.7,0,0,0,0,3.2,0,0.3,1,1.4,6.4,1.3,14.4,8.6,0,1,0,1.4,0.7,3.3,0.7,0,0.03,0.59,1,1.67,0,1.42,0,1.79,40.97,12.46,0.94,0,4.31,1.44,3.58,119,29-Apr
30-Apr,120,0,4.3,0,0,3.6,3.6,34.4,0,0,5.3,1.1,2.1,0,0,0,0,2.3,0,0.3,0.9,1.3,5.9,1.2,13.3,8.3,0,1,0,1.3,0.6,3.5,0.6,0,0.02,0.3,1,1.47,0,0.95,0,1.82,41.76,11.98,0.32,0,4.56,1.24,3.41,120,30-Apr
1-May,121,0,3.7,0,0,3.1,3.1,32.9,0,0,5.2,1,1.5,0,0,0,0,1.4,0,0.2,0.8,1.2,5.6,1.1,11.9,8.1,0,0.8,0,1.3,0.6,3.6,0.4,0,0,0.28,1,1.27,0,0.95,0,1.66,42.46,11.57,0.55,0,8,1.13,3.33,121,1-May
2-May,122,0,2.9,0,0,2.5,2.7,31.1,0,0,5.1,0.9,1,0,0,0,0,1.2,0,0,0.6,1,4.9,1,11.6,7.8,0,0.5,0,1.2,0.6,3.2,0.2,0,0,0.25,1,1.06,0,0.96,0,1.49,36.64,11.16,0.24,0,6.82,1.07,2.99,122,2-May
3-May,123,0,0,0,0,2,1.9,29.5,0,0,5,0.8,0.2,0,0,0,0,1,0,0,0.4,0.3,4.8,0.9,11,7.5,0,0.3,0,1.1,0.5,2.8,0,0,0,0.22,1,0.85,0,0.8,0,1.47,34.39,10.59,0.24,0,4.83,1.03,2.67,123,3-May
4-May,124,0,0,0,0,1,0,27.7,0,0,4.9,0,0,0,0,0,0,0.7,0,0,0.5,0.3,4.6,0.8,11.1,6.9,0,0,0,0,0.4,2.3,0,0,0,0.17,0.9,0.6,0,0.74,0,1.55,34.32,8.68,0.24,0,4.36,1.01,2.42,124,4-May
5-May,125,0,0,0,0,0,0,26.1,0,0,4.7,0,0,0,0,0,0,0.4,0,0,0.6,0.3,4,0.7,11.1,5.9,0,0,0,0,0.3,1.8,0,0,0,0.12,0.8,0.44,0,0.54,0,1.34,34.86,7.37,0,0,3.19,0.98,2.25,125,5-May
6-May,126,0,0,0,0,0,0,24.3,0,0,4.2,0,0,0,0,0,0,0.3,0,0,0.6,0,3.3,0.6,10.9,4.8,0,0,0,0,0.2,1.7,0,0,0,0.07,0.9,0.29,0,0.43,0,1.24,32.25,8.12,0,0,3.18,0.95,2.09,126,6-May
7-May,127,0,0,0,0,0,0,22.2,0,0,3.6,0,0,0,0,0,0,0.3,0,0,0.6,0,3.1,0.6,11.1,3.5,0,0,0,0,0.2,1.5,0,0,0,0.01,0.9,0.12,0,0.38,0,1.33,30.01,8.09,0,0,3.23,0.94,1.95,127,7-May
8-May,128,0,0,0,0,0,0,20.4,0,0,3,0,0,0,0,0,0,0.3,0,0,0.6,0,2.8,0.4,11.2,3.1,0,0,0,0,0.1,1.4,0,0,0,0,0.8,0,0,0.35,0,1.3,28.6,5.54,0,0,2.96,0.72,1.78,128,8-May
9-May,129,0,0,0,0,0,0,18.6,0,0,2.4,0,0,0,0,0,0,0,0,0,0.6,0,2.3,0.3,10.4,2.7,0,0,0,0,0,1.2,0,0,0,0,0.7,0,0,0.31,0,1.28,22.71,4.55,0,0,2.9,0.73,1.53,129,9-May
10-May,130,0,0,0,0,0,0,16.8,0,0,1.9,0,0,0,0,0,0,0,0,0,0.4,0,2,0.3,9.4,2.3,0,0,0,0,0,0.9,0,0,0,0,0.6,0,0,0.25,0,1.23,21.11,3.64,0,0,2.17,0.73,1.36,130,10-May
11-May,131,0,0,0,0,0,0,14.9,0,0,1.3,0,0,0,0,0,0,0,0,0,0,0,1.6,0.2,8.5,1.8,0,0,0,0,0,0.7,0,0,0,0,0.4,0,0,0,0,1.2,22.36,3.2,0,0,1.77,0.71,1.25,131,11-May
12-May,132,0,0,0,0,0,0,13.2,0,0,0.4,0,0,0,0,0,0,0,0,0,0,0,1.1,0.1,7.7,1.3,0,0,0,0,0,0.4,0,0,0,0,0.4,0,0,0,0,1.2,13.66,3.17,0,0,1.3,0.38,0.94,132,12-May
13-May,133,0,0,0,0,0,0,11.4,0,0,0.3,0,0,0,0,0,0,0,0,0,0,0,0.6,0.1,6.5,0.9,0,0,0,0,0,0.5,0,0,0,0,0.7,0,0,0,0,1.01,14.51,2.14,0,0,1.23,0.25,0.85,133,13-May
14-May,134,0,0,0,0,0,0,8.7,0,0,0.2,0,0,0,0,0,0,0,0,0,0,0,0,0.1,7.2,0.4,0,0,0,0,0,0.6,0,0,0,0,0.3,0,0,0,0,1,13.32,2.27,0,0,0.72,0.3,0.75,134,14-May
15-May,135,0,0,0,0,0,0,0,0,0,0.2,0,0,0,0,0,0,0,0,0,0,0,0,0,7.6,0.3,0,0,0,0,0,0.6,0,0,0,0,0,0,0,0,0,0.86,9.19,1.65,0,0,0.65,0.04,0.45,135,15-May
16-May,136,0,0,0,0,0,0,0,0,0,0.1,0,0,0,0,0,0,0,0,0,0,0,0,0,6,0.2,0,0,0,0,0,0.5,0,0,0,0,0,0,0,0,0,0.83,7.22,1.38,0,0,0.5,0,0.36,136,16-May
17-May,137,0,0,0,0,0,0,0,0,0,0,0,0,0,0,0,0,0,0,0,0,0,0,0,4,0.1,0,0,0,0,0,0.4,0,0,0,0,0,0,0,0,0,0.81,6.55,1.3,0,0,0.27,,0.29,137,17-May
18-May,138,0,0,0,0,0,0,0,0,0,0,0,0,0,0,0,0,0,0,0,0,0,0,0,3.2,0,0,0,0,0,0,0.3,0,0,0,0,0,0,0,0,0,0.76,6.7,1.01,0,0,0.06,,0.26,138,18-May
19-May,139,0,0,0,0,0,0,0,0,0,0,0,0,0,0,0,0,0,0,0,0,0,0,0,2.3,0,0,0,0,0,0,0.3,0,0,0,0,0,0,0,0,0,0.73,4.5,0.64,0,0,0,,0.18,139,19-May
20-May,140,0,0,0,0,0,0,0,0,0,0,0,0,0,0,0,0,0,0,0,0,0,0,0,1.2,0,0,0,0,0,0,0.3,0,0,0,0,0,0,0,0,0,0.76,3.6,0.45,0,0,0,,0.14,140,20-May
21-May,141,0,0,0,0,0,0,0,0,0,0,0,0,0,0,0,0,0,0,0,0,0,0,0,1,0,0,0,0,0,0,0.3,0,0,0,0,0,0,0,0,0,0.76,4.5,0.48,0,0,0,,0.15,141,21-May
22-May,142,0,0,0,0,0,0,0,0,0,0,0,0,0,0,0,0,0,0,0,0,0,0,0,0.7,0,0,0,0,0,0,0.3,0,0,0,0,0,0,0,0,0,0.21,3.6,0.16,0,0,0,,0.11,142,22-May
23-May,143,0,0,0,0,0,0,0,0,0,0,0,0,0,0,0,0,0,0,0,0,0,0,0,0.6,0,0,0,0,0,0,0.2,0,0,0,0,0,0,0,0,0,0.21,3,0.13,0,0,0,,0.09,143,23-May
24-May,144,0,0,0,0,0,0,0,0,0,0,0,0,0,0,0,0,0,0,0,0,0,0,0,0.3,0,0,0,0,0,0,0.2,0,0,0,0,0,0,0,0,0,0.18,4.2,0.01,0,0,0,,0.11,144,24-May
25-May,145,0,0,0,0,0,0,0,0,0,0,0,0,0,0,0,0,0,0,0,0,0,0,0,0.3,0,0,0,0,0,0,0.2,0,0,0,0,0,0,0,0,0,0.16,4.6,0.03,0,0,0,,0.12,145,25-May
26-May,146,0,0,0,0,0,0,0,0,0,0,0,0,0,0,0,0,0,0,0,0,0,0,0,0.3,0,0,0,0,0,0,0.2,0,0,0,0,0,0,0,0,0,0.11,4.5,0.02,0,0,0,,0.11,146,26-May
27-May,147,0,0,0,0,0,0,0,0,0,0,0,0,0,0,0,0,0,0,0,0,0,0,0,0.2,0,0,0,0,0,0,0.2,0,0,0,0,0,0,0,0,0,0.09,3,0.02,0,0,0,,0.08,147,27-May
28-May,148,0,0,0,0,0,0,0,0,0,0,0,0,0,0,0,0,0,0,0,0,0,0,0,0.2,0,0,0,0,0,0,0.1,0,0,0,0,0,0,0,0,0,0,3.5,0,0,0,0,,0.08,148,28-May
29-May,149,0,0,0,0,0,0,0,0,0,0,0,0,0,0,0,0,0,0,0,0,0,0,0,0.1,0,0,0,0,0,0,0.1,0,0,0,0,0,0,0,0,0,0,2.2,0,0,0,0,,0.05,149,29-May
30-May,150,0,0,0,0,0,0,0,0,0,0,0,0,0,0,0,0,0,0,0,0,0,0,0,0.1,0,0,0,0,0,0,0.1,0,0,0,0,0,0,0,0,0,0,1.2,0,0,0,0,,0.03,150,30-May
31-May,151,0,0,0,0,0,0,0,0,0,0,0,0,0,0,0,0,0,0,0,0,0,0,0,0,0,0,0,0,0,0,0.1,0,0,0,0,0,0,0,0,0,0,1.3,0,0,0,0,,0.03,151,31-May
1-Jun,152,0,0,0,0,0,0,0,0,0,0,0,0,0,0,0,0,0,0,0,0,0,0,0,0,0,0,0,0,0,0,0,0,0,0,0,0,0,0,0,0,0,1.22,0,0,0,0,,0.03,152,1-Jun
2-Jun,153,0,0,0,0,0,0,0,0,0,0,0,0,0,0,0,0,0,0,0,0,0,0,0,0,0,0,0,0,0,0,0,0,0,0,0,0,0,0,0,0,0,1.28,0,0,0,0,,0.03,153,2-Jun
3-Jun,154,0,0,0,0,0,0,0,0,0,0,0,0,0,0,0,0,0,0,0,0,0,0,0,0,0,0,0,0,0,0,0,0,0,0,0,0,0,0,0,0,0,1.37,0,0,0,0,,0.03,154,3-Jun
4-Jun,155,0,0,0,0,0,0,0,0,0,0,0,0,0,0,0,0,0,0,0,0,0,0,0,0,0,0,0,0,0,0,0,0,0,0,0,0,0,0,0,0,0,0.56,0,0,0,0,,0.01,155,4-Jun
5-Jun,156,0,0,0,0,0,0,0,0,0,0,0,0,0,0,0,0,0,0,0,0,0,0,0,0,0,0,0,0,0,0,0,0,0,0,0,0,0,0,0,0,0,0.01,0,0,0,0,,0.00,156,5-Jun
